{"P2": {"label": "documentation", "labelColor": "#0075ca", "postTitle": "\u8bf7\u63a5\u7740\u4e4b\u540e\u7684\u5b89\u88c5\u6b65\u9aa4\u6267\u884c", "postUrl": "post/qing-jie-zhao-zhi-hou-de-an-zhuang-bu-zou-zhi-xing.html", "createdDate": "2024-03-14", "dateLabelColor": "#bc4c00"}, "P1": {"label": "good first issue", "labelColor": "#7057ff", "postTitle": "\u8fd9\u662fGmeek\u6a21\u677f\u4ed3\u5e93", "postUrl": "post/zhe-shi-Gmeek-mo-ban-cang-ku.html", "createdDate": "2023-12-20", "dateLabelColor": "#A333D0"}}